"cfg","rho","design","n1","nsim","r_z","tau","agree","agree_opt","r_G","auc_G","auc_GM","pcs","claim"
"S1",0,"Cu",100,10000,0.834241338587049,0.7598,0.8123,0.7637,0.292941596045561,0.711309038302673,0.699072457578086,0.9213,0.7256
"S1",0,"Cj_conc",100,10000,0.783880891635747,0.737633333333333,0.7979,0.7404,0.372103317297974,0.692905576765473,0.715106995532519,0.8884,0.7062
"S1",0,"M",100,10000,NA,NA,NA,NA,NA,NA,0.732264336466668,0.8077,0.6515
"S1",0.3,"Cu",100,10000,0.886927900381241,0.776066666666667,0.8322,0.7395,0.511102122476859,0.734877962539491,0.717808798816211,0.8665,0.7197
"S1",0.3,"Cj_conc",100,10000,0.843778435303063,0.753233333333333,0.8122,0.7153,0.512690919172914,0.722102212443934,0.731851463395763,0.8396,0.7066
"S1",0.3,"M",100,10000,NA,NA,NA,NA,NA,NA,0.747474027334996,0.7828,0.6693
"S1",0.6,"Cu",100,10000,0.927331218496685,0.804766666666667,0.8487,0.7135,0.694171677985718,0.768354103555517,0.755498785765673,0.8183,0.7272
"S1",0.6,"Cj_conc",100,10000,0.900562923985791,0.7872,0.8383,0.706,0.65770516034449,0.748440998841051,0.749909941146986,0.8102,0.7204
"S1",0.6,"M",100,10000,NA,NA,NA,NA,NA,NA,0.758717496749956,0.7673,0.6916
"S2",0,"Cu",100,10000,0.806349964191595,0.698166666666667,0.7141,0.5155,0.31497496631111,0.690689515073184,0.686500390394634,0.6906,0.3971
"S2",0,"Cj_conc",100,10000,0.746429983840161,0.678166666666667,0.6951,0.4943,0.346795876208917,0.671947809664503,0.688105173002391,0.6716,0.3958
"S2",0,"M",100,10000,NA,NA,NA,NA,NA,NA,0.707493483782989,0.6001,0.3725
"S2",0.3,"Cu",100,10000,0.862787833564613,0.7199,0.7513,0.5097,0.460826640843419,0.709758977646751,0.706430927936324,0.6571,0.4413
"S2",0.3,"Cj_conc",100,10000,0.82031103594963,0.713566666666667,0.7378,0.5041,0.479423049133587,0.696737766354513,0.708761538077225,0.6528,0.4367
"S2",0.3,"M",100,10000,NA,NA,NA,NA,NA,NA,0.726529192117943,0.5832,0.419
"S2",0.6,"Cu",100,10000,0.907834940889629,0.7592,0.7913,0.5171,0.636879384239337,0.723917731236055,0.728865058477734,0.6323,0.4817
"S2",0.6,"Cj_conc",100,10000,0.879350231164226,0.7482,0.7853,0.5072,0.610869120670196,0.716782058686689,0.726675771285556,0.6287,0.474
"S2",0.6,"M",100,10000,NA,NA,NA,NA,NA,NA,0.75329661567335,0.5705,0.4716
"S3",0,"Cu",100,10000,0.675124969516883,0.530133333333333,0.6634,0.4932,0.195063763146139,0.654247506835543,0.748656123469526,0.6174,0.6377
"S3",0,"Cj_conc",100,10000,0.844890273419285,0.689533333333333,0.748,0.5983,0.42827280982982,0.728921645517668,0.686059695414469,0.7741,0.7486
"S3",0,"M",100,10000,NA,NA,NA,NA,NA,NA,0.695592302412666,0.6867,0.6947
"S3",0.3,"Cu",100,10000,0.742482323659663,0.554066666666667,0.6933,0.486,0.327716483788489,0.660966764734684,0.772450600542425,0.5712,0.623
"S3",0.3,"Cj_conc",100,10000,0.885389980028908,0.714966666666667,0.7699,0.5916,0.563579161404888,0.734578344544608,0.721450841323288,0.7345,0.7396
"S3",0.3,"M",100,10000,NA,NA,NA,NA,NA,NA,0.701958947643371,0.6768,0.708
"S3",0.6,"Cu",100,10000,0.796056358558612,0.573133333333333,0.709,0.4799,0.46459789157565,0.664886607400161,0.79996516094511,0.5346,0.6033
"S3",0.6,"Cj_conc",100,10000,0.916168159377673,0.7472,0.8162,0.6054,0.698992762601009,0.736141873773588,0.748593919402499,0.6962,0.7237
"S3",0.6,"M",100,10000,NA,NA,NA,NA,NA,NA,0.726870597915444,0.6913,0.7261
"S4",0,"Cu",100,10000,0.435488453037862,0.1148,0.3831,0.2091,0.150757310452752,0.613499987164567,0.833520847798662,0.259,0.0704
"S4",0,"Cj_conc",100,10000,0.309812305943701,0.0672666666666667,0.3415,0.1779,0.125857477060474,0.592769476929237,0.846208381276316,0.2278,0.0613
"S4",0,"M",100,10000,NA,NA,NA,NA,NA,NA,0.727335132199424,0.6135,0.1388
"S4",0.3,"Cu",100,10000,0.541776287456993,0.163666666666667,0.4253,0.2514,0.269854441536756,0.66365446312655,0.860497643759369,0.2961,0.0973
"S4",0.3,"Cj_conc",100,10000,0.438550193405387,0.102566666666667,0.3672,0.2099,0.210444938295981,0.606528320839407,0.857413077861079,0.256,0.0843
"S4",0.3,"M",100,10000,NA,NA,NA,NA,NA,NA,0.755569066255956,0.6104,0.1744
"S4",0.6,"Cu",100,10000,0.632416461430874,0.189266666666667,0.448,0.2709,0.365413857425818,0.657046560671051,0.857375619189782,0.3066,0.1258
"S4",0.6,"Cj_conc",100,10000,0.54448434513181,0.125333333333333,0.3927,0.2357,0.315056550776439,0.62729483548818,0.878108153434321,0.2701,0.1107
"S4",0.6,"M",100,10000,NA,NA,NA,NA,NA,NA,0.757778783206485,0.6302,0.2272
