"cfg","design","n1","ntot","rho","nsim","proceed","pcs","power","claim_opt","false_claim","EN"
"S1","Cu_pe",30,350,0.3,10000,0.7238,0.6879,0.5095,0.4466,0,583.232
"S1","Cj_conc_pe",30,350,0.3,10000,0.7137,0.6733,0.5055,0.447,0,576.768
"S1","Cu_pe",40,350,0.3,10000,0.7896,0.7316,0.5602,0.5057,0,649.552
"S1","Cj_conc_pe",40,350,0.3,10000,0.7845,0.712,0.5546,0.5016,0,646.39
"S1","Cu_pe",60,350,0.3,10000,0.8784,0.7997,0.6442,0.592,0,749.472
"S1","Cj_conc_pe",60,350,0.3,10000,0.87,0.7658,0.6342,0.5795,0,744.6
"S1","Cu_pe",80,350,0.3,10000,0.9308,0.8358,0.6833,0.6424,0,822.632
"S1","Cj_conc_pe",80,350,0.3,10000,0.9231,0.8077,0.6579,0.6132,0,818.474
"S1","Cu_pe",100,350,0.3,10000,0.9518,0.8665,0.7001,0.6638,0,875.9
"S1","Cj_conc_pe",100,350,0.3,10000,0.9557,0.8427,0.6978,0.6541,0,877.85
"S1","Cu_pe",120,350,0.3,10000,0.9703,0.8875,0.714,0.6797,0,926.338
"S1","Cj_conc_pe",120,350,0.3,10000,0.97,0.8688,0.7104,0.6734,0,926.2
"S1","Cu_pe",150,350,0.3,10000,0.9891,0.9147,0.7236,0.6992,0,995.64
"S1","Cj_conc_pe",150,350,0.3,10000,0.9861,0.891,0.7089,0.6734,0,994.44
"S1","Cu_pe",200,350,0.3,10000,0.9969,0.9471,0.7243,0.7032,0,1099.07
"S1","Cj_conc_pe",200,350,0.3,10000,0.9956,0.9296,0.7211,0.698,0,1098.68
"S1","Cu_pe",30,400,0.3,10000,0.7193,0.6963,0.5552,0.4847,0,652.282
"S1","Cj_conc_pe",30,400,0.3,10000,0.7064,0.6627,0.5373,0.4635,0,642.736
"S1","Cu_pe",40,400,0.3,10000,0.7987,0.7351,0.6299,0.5553,0,735.064
"S1","Cj_conc_pe",40,400,0.3,10000,0.7838,0.7109,0.6126,0.5398,0,724.336
"S1","Cu_pe",60,400,0.3,10000,0.8835,0.7931,0.7062,0.6426,0,840.78
"S1","Cj_conc_pe",60,400,0.3,10000,0.8748,0.7671,0.6984,0.6297,0,834.864
"S1","Cu_pe",80,400,0.3,10000,0.9278,0.8336,0.7594,0.702,0,913.792
"S1","Cj_conc_pe",80,400,0.3,10000,0.917,0.8121,0.739,0.6791,0,906.88
"S1","Cu_pe",100,400,0.3,10000,0.9572,0.8735,0.792,0.7447,0,974.32
"S1","Cj_conc_pe",100,400,0.3,10000,0.9522,0.8463,0.7702,0.7184,0,971.32
"S1","Cu_pe",120,400,0.3,10000,0.9754,0.8938,0.8095,0.767,0,1026.224
"S1","Cj_conc_pe",120,400,0.3,10000,0.9679,0.8665,0.7896,0.7411,0,1022.024
"S1","Cu_pe",150,400,0.3,10000,0.9871,0.9105,0.8175,0.7794,0,1093.55
"S1","Cj_conc_pe",150,400,0.3,10000,0.9846,0.8935,0.7995,0.7604,0,1092.3
"S1","Cu_pe",200,400,0.3,10000,0.9962,0.9418,0.8261,0.7992,0,1198.48
"S1","Cj_conc_pe",200,400,0.3,10000,0.996,0.9254,0.8204,0.7913,0,1198.4
"S1","Cu_pe",30,450,0.3,10000,0.7307,0.6891,0.5959,0.502,0,733.788
"S1","Cj_conc_pe",30,450,0.3,10000,0.7132,0.6695,0.5753,0.4839,0,719.088
"S1","Cu_pe",40,450,0.3,10000,0.7903,0.7288,0.6601,0.5698,0,808.046
"S1","Cj_conc_pe",40,450,0.3,10000,0.7841,0.7075,0.6477,0.5559,0,802.962
"S1","Cu_pe",60,450,0.3,10000,0.8818,0.7911,0.7522,0.6712,0,927.804
"S1","Cj_conc_pe",60,450,0.3,10000,0.8713,0.7744,0.7373,0.6549,0,919.614
"S1","Cu_pe",80,450,0.3,10000,0.9272,0.8367,0.8057,0.7394,0,1006.128
"S1","Cj_conc_pe",80,450,0.3,10000,0.9238,0.8026,0.7887,0.7108,0,1003.612
"S1","Cu_pe",100,450,0.3,10000,0.9571,0.871,0.8398,0.7846,0,1069.97
"S1","Cj_conc_pe",100,450,0.3,10000,0.9547,0.8404,0.8314,0.7626,0,1068.29
"S1","Cu_pe",120,450,0.3,10000,0.9756,0.8919,0.8578,0.8137,0,1123.896
"S1","Cj_conc_pe",120,450,0.3,10000,0.9751,0.8688,0.8537,0.7947,0,1123.566
"S1","Cu_pe",150,450,0.3,10000,0.9883,0.9172,0.8783,0.8377,0,1192.98
"S1","Cj_conc_pe",150,450,0.3,10000,0.9867,0.8963,0.8735,0.8225,0,1192.02
"S1","Cu_pe",200,450,0.3,10000,0.9969,0.9464,0.8932,0.8625,0,1298.45
"S1","Cj_conc_pe",200,450,0.3,10000,0.9957,0.9286,0.8845,0.849,0,1297.85
"S1","Cu_pe",30,500,0.3,10000,0.7204,0.6971,0.6105,0.5082,0,797.176
"S1","Cj_conc_pe",30,500,0.3,10000,0.7197,0.6709,0.6063,0.4974,0,796.518
"S1","Cu_pe",40,500,0.3,10000,0.7914,0.7288,0.6857,0.577,0,888.088
"S1","Cj_conc_pe",40,500,0.3,10000,0.781,0.7127,0.6702,0.5669,0,878.52
"S1","Cu_pe",60,500,0.3,10000,0.8822,0.8042,0.7947,0.7052,0,1016.336
"S1","Cj_conc_pe",60,500,0.3,10000,0.8737,0.7657,0.7669,0.6667,0,1008.856
"S1","Cu_pe",80,500,0.3,10000,0.9297,0.8331,0.8426,0.7598,0,1100.948
"S1","Cj_conc_pe",80,500,0.3,10000,0.9232,0.8093,0.8309,0.7381,0,1095.488
"S1","Cu_pe",100,500,0.3,10000,0.9569,0.8664,0.8762,0.8048,0,1165.52
"S1","Cj_conc_pe",100,500,0.3,10000,0.9537,0.843,0.8656,0.7872,0,1162.96
"S1","Cu_pe",120,500,0.3,10000,0.9752,0.8926,0.8997,0.8417,0,1221.152
"S1","Cj_conc_pe",120,500,0.3,10000,0.969,0.8669,0.8888,0.8172,0,1216.44
"S1","Cu_pe",150,500,0.3,10000,0.9855,0.916,0.9193,0.8676,0,1289.85
"S1","Cj_conc_pe",150,500,0.3,10000,0.9863,0.8976,0.9101,0.8534,0,1290.41
"S1","Cu_pe",200,500,0.3,10000,0.9972,0.946,0.9357,0.9019,0,1398.32
"S1","Cj_conc_pe",200,500,0.3,10000,0.9954,0.9262,0.9219,0.8784,0,1397.24
"S1","Cu_pe",30,600,0.3,10000,0.7252,0.6854,0.6426,0.5102,0,946.728
"S1","Cj_conc_pe",30,600,0.3,10000,0.7147,0.6649,0.6274,0.4961,0,934.758
"S1","Cu_pe",40,600,0.3,10000,0.7912,0.7307,0.7203,0.5923,0,1046.144
"S1","Cj_conc_pe",40,600,0.3,10000,0.7823,0.6994,0.7087,0.5672,0,1036.176
"S1","Cu_pe",60,600,0.3,10000,0.8789,0.7938,0.818,0.7057,0,1189.212
"S1","Cj_conc_pe",60,600,0.3,10000,0.8718,0.7758,0.8059,0.689,0,1181.544
"S1","Cu_pe",80,600,0.3,10000,0.9267,0.8303,0.871,0.769,0,1283.768
"S1","Cj_conc_pe",80,600,0.3,10000,0.9285,0.8165,0.8683,0.7636,0,1285.64
"S1","Cu_pe",100,600,0.3,10000,0.9596,0.8642,0.9169,0.8271,0,1359.6
"S1","Cj_conc_pe",100,600,0.3,10000,0.9522,0.8432,0.9029,0.8023,0,1352.2
"S1","Cu_pe",120,600,0.3,10000,0.9756,0.8875,0.939,0.8603,0,1416.576
"S1","Cj_conc_pe",120,600,0.3,10000,0.9679,0.8729,0.9295,0.8436,0,1409.184
"S1","Cu_pe",150,600,0.3,10000,0.9868,0.9169,0.9564,0.8963,0,1488.12
"S1","Cj_conc_pe",150,600,0.3,10000,0.9853,0.8921,0.9491,0.8714,0,1486.77
"S1","Cu_pe",200,600,0.3,10000,0.9969,0.9463,0.9712,0.9318,0,1597.52
"S1","Cj_conc_pe",200,600,0.3,10000,0.9952,0.9297,0.9644,0.9135,0,1596.16
"S1","Cu_pe",30,700,0.3,10000,0.715,0.6986,0.6544,0.5171,0,1078.1
"S1","Cj_conc_pe",30,700,0.3,10000,0.7079,0.6604,0.6393,0.4903,0,1068.586
"S1","Cu_pe",40,700,0.3,10000,0.7932,0.7326,0.7396,0.596,0,1207.024
"S1","Cj_conc_pe",40,700,0.3,10000,0.7815,0.6994,0.7174,0.5663,0,1191.58
"S1","Cu_pe",60,700,0.3,10000,0.8748,0.793,0.833,0.7064,0,1359.744
"S1","Cj_conc_pe",60,700,0.3,10000,0.8723,0.7687,0.8271,0.6877,0,1356.544
"S1","Cu_pe",80,700,0.3,10000,0.9298,0.835,0.8968,0.7818,0,1472.952
"S1","Cj_conc_pe",80,700,0.3,10000,0.9199,0.8126,0.8814,0.7586,0,1460.676
"S1","Cu_pe",100,700,0.3,10000,0.9562,0.8592,0.9281,0.8245,0,1547.44
"S1","Cj_conc_pe",100,700,0.3,10000,0.9542,0.8417,0.9208,0.8098,0,1545.04
"S1","Cu_pe",120,700,0.3,10000,0.9754,0.8919,0.9562,0.8717,0,1611.464
"S1","Cj_conc_pe",120,700,0.3,10000,0.9713,0.87,0.9441,0.8488,0,1606.708
"S1","Cu_pe",150,700,0.3,10000,0.9887,0.9179,0.9736,0.9066,0,1687.57
"S1","Cj_conc_pe",150,700,0.3,10000,0.9876,0.8946,0.968,0.8848,0,1686.36
"S1","Cu_pe",200,700,0.3,10000,0.9962,0.9438,0.985,0.9377,0,1796.2
"S1","Cj_conc_pe",200,700,0.3,10000,0.9964,0.9242,0.9813,0.9182,0,1796.4
"S1","Cu_pe",30,800,0.3,10000,0.7194,0.6951,0.6731,0.5141,0,1227.876
"S1","Cj_conc_pe",30,800,0.3,10000,0.7094,0.6634,0.6547,0.4931,0,1212.476
"S1","Cu_pe",40,800,0.3,10000,0.7906,0.7298,0.7478,0.5867,0,1361.712
"S1","Cj_conc_pe",40,800,0.3,10000,0.7772,0.71,0.7299,0.575,0,1341.344
"S1","Cu_pe",60,800,0.3,10000,0.8823,0.7916,0.8538,0.7098,0,1545.804
"S1","Cj_conc_pe",60,800,0.3,10000,0.8717,0.7632,0.838,0.6801,0,1530.116
"S1","Cu_pe",80,800,0.3,10000,0.9312,0.8356,0.9073,0.7831,0,1660.928
"S1","Cj_conc_pe",80,800,0.3,10000,0.9228,0.8115,0.8951,0.7618,0,1648.832
"S1","Cu_pe",100,800,0.3,10000,0.9634,0.8649,0.9447,0.8355,0,1748.76
"S1","Cj_conc_pe",100,800,0.3,10000,0.9489,0.8409,0.9272,0.8055,0,1728.46
"S1","Cu_pe",120,800,0.3,10000,0.9773,0.8896,0.9641,0.8712,0,1809.128
"S1","Cj_conc_pe",120,800,0.3,10000,0.9709,0.8649,0.9514,0.8445,0,1800.424
"S1","Cu_pe",150,800,0.3,10000,0.9884,0.9144,0.9806,0.9039,0,1884.92
"S1","Cj_conc_pe",150,800,0.3,10000,0.9872,0.897,0.9755,0.8874,0,1883.36
"S1","Cu_pe",200,800,0.3,10000,0.9968,0.9477,0.9912,0.9442,0,1996.16
"S1","Cj_conc_pe",200,800,0.3,10000,0.9957,0.9274,0.9876,0.9234,0,1994.84
"S1","Cu_pe",30,1000,0.3,10000,0.7207,0.6891,0.6827,0.512,0,1518.158
"S1","Cj_conc_pe",30,1000,0.3,10000,0.7043,0.6687,0.6654,0.494,0,1486.342
"S1","Cu_pe",40,1000,0.3,10000,0.7923,0.7316,0.7662,0.594,0,1681.216
"S1","Cj_conc_pe",40,1000,0.3,10000,0.7758,0.7063,0.7435,0.5706,0,1649.536
"S1","Cu_pe",60,1000,0.3,10000,0.8841,0.798,0.8658,0.7136,0,1902.108
"S1","Cj_conc_pe",60,1000,0.3,10000,0.8677,0.7662,0.8476,0.679,0,1871.276
"S1","Cu_pe",80,1000,0.3,10000,0.9319,0.8381,0.9208,0.7862,0,2034.696
"S1","Cj_conc_pe",80,1000,0.3,10000,0.9233,0.8134,0.9096,0.7609,0,2018.872
"S1","Cu_pe",100,1000,0.3,10000,0.9553,0.872,0.9475,0.8364,0,2119.54
"S1","Cj_conc_pe",100,1000,0.3,10000,0.9535,0.8383,0.9405,0.8087,0,2116.3
"S1","Cu_pe",120,1000,0.3,10000,0.9736,0.8861,0.9663,0.8669,0,2193.536
"S1","Cj_conc_pe",120,1000,0.3,10000,0.9707,0.8696,0.9633,0.8505,0,2188.432
"S1","Cu_pe",150,1000,0.3,10000,0.9887,0.9154,0.9851,0.9053,0,2280.79
"S1","Cj_conc_pe",150,1000,0.3,10000,0.9859,0.8945,0.9813,0.8854,0,2276.03
"S1","Cu_pe",200,1000,0.3,10000,0.9965,0.9485,0.9945,0.9453,0,2394.4
"S1","Cj_conc_pe",200,1000,0.3,10000,0.9956,0.9323,0.992,0.929,0,2392.96
"S3","Cj_conc_pe",30,350,0.3,10000,0.773,0.5826,0.5075,0.4125,0.002,614.72
"S3","Cj_conc_pe",40,350,0.3,10000,0.8362,0.6107,0.5648,0.464,0.0018,678.444
"S3","Cj_conc_pe",60,350,0.3,10000,0.9103,0.6625,0.6428,0.5393,0.0033,767.974
"S3","Cj_conc_pe",80,350,0.3,10000,0.9425,0.7087,0.6939,0.5974,0.0016,828.95
"S3","Cj_conc_pe",100,350,0.3,10000,0.9657,0.7329,0.7186,0.6216,5e-04,882.85
"S3","Cj_conc_pe",120,350,0.3,10000,0.9818,0.7724,0.7482,0.6623,0.0013,931.628
"S3","Cj_conc_pe",150,350,0.3,10000,0.9906,0.7964,0.774,0.6893,7e-04,996.24
"S3","Cj_conc_pe",200,350,0.3,10000,0.9961,0.8433,0.807,0.7292,7e-04,1098.83
"S3","Cj_conc_pe",30,400,0.3,10000,0.7804,0.571,0.5389,0.4281,0.0024,697.496
"S3","Cj_conc_pe",40,400,0.3,10000,0.8404,0.6109,0.6102,0.4901,0.0025,765.088
"S3","Cj_conc_pe",60,400,0.3,10000,0.9032,0.6663,0.6816,0.5702,0.0028,854.176
"S3","Cj_conc_pe",80,400,0.3,10000,0.9447,0.7075,0.7395,0.6299,0.0023,924.608
"S3","Cj_conc_pe",100,400,0.3,10000,0.9647,0.7361,0.7661,0.6642,0.0013,978.82
"S3","Cj_conc_pe",120,400,0.3,10000,0.9784,0.7567,0.7963,0.6906,0.0013,1027.904
"S3","Cj_conc_pe",150,400,0.3,10000,0.9877,0.7973,0.8227,0.7295,0.0021,1093.85
"S3","Cj_conc_pe",200,400,0.3,10000,0.9957,0.8494,0.8636,0.782,6e-04,1198.28
"S3","Cj_conc_pe",30,450,0.3,10000,0.7738,0.5802,0.5666,0.4422,0.0023,769.992
"S3","Cj_conc_pe",40,450,0.3,10000,0.8407,0.6118,0.6296,0.5068,0.0027,849.374
"S3","Cj_conc_pe",60,450,0.3,10000,0.9034,0.6535,0.7074,0.5757,0.0012,944.652
"S3","Cj_conc_pe",80,450,0.3,10000,0.9471,0.6994,0.77,0.6457,0.0028,1020.854
"S3","Cj_conc_pe",100,450,0.3,10000,0.9682,0.746,0.8105,0.6987,0.0018,1077.74
"S3","Cj_conc_pe",120,450,0.3,10000,0.979,0.772,0.8417,0.7309,0.0018,1126.14
"S3","Cj_conc_pe",150,450,0.3,10000,0.9885,0.7931,0.8591,0.7535,0.0013,1193.1
"S3","Cj_conc_pe",200,450,0.3,10000,0.9954,0.8366,0.8908,0.7954,0.0011,1297.7
"S3","Cj_conc_pe",30,500,0.3,10000,0.7801,0.5741,0.5793,0.4438,0.0031,853.294
"S3","Cj_conc_pe",40,500,0.3,10000,0.8441,0.6076,0.6507,0.5083,0.0024,936.572
"S3","Cj_conc_pe",60,500,0.3,10000,0.9146,0.6618,0.737,0.5999,0.0024,1044.848
"S3","Cj_conc_pe",80,500,0.3,10000,0.9434,0.7124,0.8047,0.669,0.0022,1112.456
"S3","Cj_conc_pe",100,500,0.3,10000,0.967,0.7304,0.83,0.6988,0.002,1173.6
"S3","Cj_conc_pe",120,500,0.3,10000,0.9795,0.7641,0.8598,0.7385,0.0015,1224.42
"S3","Cj_conc_pe",150,500,0.3,10000,0.9884,0.804,0.8898,0.7805,0.001,1291.88
"S3","Cj_conc_pe",200,500,0.3,10000,0.9967,0.8361,0.9162,0.8163,6e-04,1398.02
"S3","Cj_conc_pe",30,600,0.3,10000,0.7763,0.5787,0.5954,0.4495,0.0033,1004.982
"S3","Cj_conc_pe",40,600,0.3,10000,0.8432,0.6084,0.6775,0.518,0.0025,1104.384
"S3","Cj_conc_pe",60,600,0.3,10000,0.9077,0.66,0.7617,0.6035,0.002,1220.316
"S3","Cj_conc_pe",80,600,0.3,10000,0.9502,0.708,0.8274,0.6745,0.0019,1308.208
"S3","Cj_conc_pe",100,600,0.3,10000,0.9689,0.7351,0.8607,0.7141,0.0013,1368.9
"S3","Cj_conc_pe",120,600,0.3,10000,0.9808,0.7631,0.889,0.7491,0.0011,1421.568
"S3","Cj_conc_pe",150,600,0.3,10000,0.9885,0.7959,0.91,0.7853,7e-04,1489.65
"S3","Cj_conc_pe",200,600,0.3,10000,0.9968,0.8399,0.945,0.8345,6e-04,1597.44
"S3","Cj_conc_pe",30,700,0.3,10000,0.7827,0.5783,0.6237,0.4576,0.0032,1168.818
"S3","Cj_conc_pe",40,700,0.3,10000,0.839,0.6174,0.6911,0.5216,0.0018,1267.48
"S3","Cj_conc_pe",60,700,0.3,10000,0.9076,0.6701,0.7837,0.6123,0.0017,1401.728
"S3","Cj_conc_pe",80,700,0.3,10000,0.9475,0.7027,0.8408,0.6711,0.0016,1494.9
"S3","Cj_conc_pe",100,700,0.3,10000,0.9645,0.7393,0.8708,0.718,0.0017,1557.4
"S3","Cj_conc_pe",120,700,0.3,10000,0.9811,0.7663,0.905,0.7545,0.0012,1618.076
"S3","Cj_conc_pe",150,700,0.3,10000,0.9899,0.7995,0.9291,0.793,0.0012,1688.89
"S3","Cj_conc_pe",200,700,0.3,10000,0.9971,0.8351,0.9525,0.8334,0.0013,1797.1
"S3","Cj_conc_pe",30,800,0.3,10000,0.7746,0.5751,0.6361,0.4515,0.0022,1312.884
"S3","Cj_conc_pe",40,800,0.3,10000,0.8484,0.6096,0.7116,0.5191,0.0022,1449.568
"S3","Cj_conc_pe",60,800,0.3,10000,0.9072,0.6573,0.7912,0.6013,0.0016,1582.656
"S3","Cj_conc_pe",80,800,0.3,10000,0.946,0.7049,0.8555,0.6729,0.0025,1682.24
"S3","Cj_conc_pe",100,800,0.3,10000,0.9651,0.7398,0.8873,0.7187,0.0011,1751.14
"S3","Cj_conc_pe",120,800,0.3,10000,0.9773,0.7672,0.9129,0.7555,0.002,1809.128
"S3","Cj_conc_pe",150,800,0.3,10000,0.9889,0.7952,0.9357,0.7893,7e-04,1885.57
"S3","Cj_conc_pe",200,800,0.3,10000,0.9963,0.8361,0.9599,0.8338,8e-04,1995.56
"S3","Cj_conc_pe",30,1000,0.3,10000,0.7694,0.5729,0.6416,0.4439,0.0025,1612.636
"S3","Cj_conc_pe",40,1000,0.3,10000,0.844,0.6058,0.7295,0.5159,0.0022,1780.48
"S3","Cj_conc_pe",60,1000,0.3,10000,0.9104,0.6673,0.8156,0.613,0.0024,1951.552
"S3","Cj_conc_pe",80,1000,0.3,10000,0.9446,0.7024,0.8695,0.6683,0.0019,2058.064
"S3","Cj_conc_pe",100,1000,0.3,10000,0.9679,0.7361,0.9071,0.7191,0.0016,2142.22
"S3","Cj_conc_pe",120,1000,0.3,10000,0.9817,0.7658,0.9306,0.7544,0.0015,2207.792
"S3","Cj_conc_pe",150,1000,0.3,10000,0.9896,0.794,0.9481,0.7889,0.0012,2282.32
"S3","Cj_conc_pe",200,1000,0.3,10000,0.9967,0.8438,0.9699,0.8429,3e-04,2394.72
