"cfg","target","design","n1","ntot","EN","se_EN","at_bound","ratio","se_ratio"
"S1",0.8,"Cu_pe",78,450,998,6,0,0.935,0.008
"S1",0.8,"Cj_conc_pe",85,450,1021,6,0,0.956,0.008
"S1",0.85,"Cu_pe",111,450,1101,11,0,0.924,0.011
"S1",0.85,"Cj_conc_pe",117,450,1114,9,0,0.936,0.009
"S1",0.9,"Cu_pe",120,500,1222,11,0,0.899,0.013
"S1",0.9,"Cj_conc_pe",136,500,1255,10,0,0.923,0.013
"S3",0.8,"Cj_conc_pe",124,400,1037,10,0,0.971,0.011
"S3",0.85,"Cj_conc_pe",134,450,1158,14,0,0.977,0.014
"S3",0.9,"Cj_conc_pe",169,500,1333,12,0,0.986,0.011
