"key","eta"
"Cc_S3 149 0.3",0.904583073047593
"Cc_S3 189 0.3",0.911417974778484
"Cc_S3 196 0.3",0.909061286557132
"Cj_conc 111 0.3",0.907307394513788
"Cj_conc 115 0.3",0.914072575812587
"Cj_conc 124 0.3",0.913722218838685
"Cj_conc 132 0.3",0.908959376419029
"Cj_conc 171 0.3",0.913189268471442
"Cj_conc 78 0.3",0.912167417276283
"Cj_conc_pe 100 0",0
"Cj_conc_pe 100 0.3",0.801590646757421
"Cj_conc_pe 100 0.6",0.884975614052393
"Cj_conc_pe 120 0.3",0.799877451954807
"Cj_conc_pe 150 0.3",0.770952868486506
"Cj_conc_pe 200 0.3",0.767339084377528
"Cj_conc_pe 30 0.3",0.829895529533457
"Cj_conc_pe 40 0.3",0.80282967157642
"Cj_conc_pe 60 0.3",0.800721353522625
"Cj_conc_pe 80 0.3",0.795845674072014
"Cu 60 0.3",0.913788718444525
"Cu 90 0.3",0.908454718461658
"Cu 99 0.3",0.911812796344263
"Cu_pe 100 0",0
"Cu_pe 100 0.3",0.84887287293392
"Cu_pe 100 0.6",0.902729309706309
"Cu_pe 120 0.3",0.844970320068255
"Cu_pe 150 0.3",0.836106048987296
"Cu_pe 200 0.3",0.844505764489229
"Cu_pe 30 0.3",0.869377805256032
"Cu_pe 40 0.3",0.864214210425017
"Cu_pe 60 0.3",0.847157012877529
"Cu_pe 80 0.3",0.855758735465705
"M 109 0.3",0.553954595538737
"M 137 0.3",0.548165557881039
"M 178 0.3",0.54256022489158
"M 182 0.3",0.541924677585614
"M 194 0.3",0.540590978183603
"M 99 0.3",0.556557808726045
