"cfg","target","design","n1","ntot","null","nsim","proceed","false_claim","EN"
"S1",0.8,"M",99,450,"N0",20000,0.20425,0,539.3835
"S1",0.8,"Cu",60,450,"N0",20000,0.2051,0,399.978
"S1",0.8,"Cj_conc",78,450,"N0",20000,0.2051,0,464.5944
"S1",0.85,"M",109,500,"N0",20000,0.20275,0,594.5505
"S1",0.85,"Cu",90,450,"N0",20000,0.2043,0,507.096
"S1",0.85,"Cj_conc",111,450,"N0",20000,0.20425,0,582.4815
"S1",0.9,"M",182,500,"N0",20000,0.20045,0,855.4862
"S1",0.9,"Cu",99,500,"N0",20000,0.1982,0,554.9564
"S1",0.9,"Cj_conc",124,500,"N0",20000,0.1976,0,644.5952
"S3",0.8,"M",137,400,"N0",20000,0.21235,0,659.6961
"S3",0.8,"Cc_S3",149,400,"N0",20000,0.1981,0,695.4462
"S3",0.8,"Cj_conc",115,400,"N0",20000,0.18875,0,567.5875
"S3",0.85,"M",194,400,"N0",20000,0.2092,0,862.1904
"S3",0.85,"Cc_S3",189,400,"N0",20000,0.201,0,840.822
"S3",0.85,"Cj_conc",132,450,"N0",20000,0.2038,0,657.6168
"S3",0.9,"M",178,500,"N0",20000,0.1906,0,834.7464
"S3",0.9,"Cc_S3",196,500,"N0",20000,0.19765,0,904.1712
"S3",0.9,"Cj_conc",171,500,"N0",20000,0.1961,0,813.0338
"S1",0.8,"Cu_pe",78,450,"N0",20000,0.2052,0,464.6688
"S1",0.8,"Cj_conc_pe",85,450,"N0",20000,0.1986,0,484.978
"S1",0.85,"Cu_pe",111,450,"N0",20000,0.2017,0,580.7526
"S1",0.85,"Cj_conc_pe",117,450,"N0",20000,0.19315,0,596.6379
"S1",0.9,"Cu_pe",120,500,"N0",20000,0.1984,0,630.784
"S1",0.9,"Cj_conc_pe",136,500,"N0",20000,0.2104,0,697.1712
"S3",0.8,"Cj_conc_pe",124,400,"N0",20000,0.19775,0,605.158
"S3",0.85,"Cj_conc_pe",134,450,"N0",20000,0.1958,0,659.7456
"S3",0.9,"Cj_conc_pe",169,500,"N0",20000,0.19455,0,804.7921
"S1",0.8,"M",99,450,"N1",20000,0.63005,0.00825,838.2951
"S1",0.8,"Cu",60,450,"N1",20000,0.8101,0.01075,871.878
"S1",0.8,"Cj_conc",78,450,"N1",20000,0.867,0.0103,957.048
"S1",0.85,"M",109,500,"N1",20000,0.6392,0.0097,935.8544
"S1",0.85,"Cu",90,450,"N1",20000,0.9067,0.0117,1012.824
"S1",0.85,"Cj_conc",111,450,"N1",20000,0.9381,0.01125,1080.0318
"S1",0.9,"M",182,500,"N1",20000,0.6701,0.00975,1154.1836
"S1",0.9,"Cu",99,500,"N1",20000,0.92325,0.01105,1136.4465
"S1",0.9,"Cj_conc",124,500,"N1",20000,0.9469,0.00905,1208.0688
"S3",0.8,"M",137,400,"N1",20000,0.65455,0.00725,892.2933
"S3",0.8,"Cc_S3",149,400,"N1",20000,0.93365,0.00865,1064.6923
"S3",0.8,"Cj_conc",115,400,"N1",20000,0.9359,0.01035,993.463
"S3",0.85,"M",194,400,"N1",20000,0.6758,0.0085,1054.4296
"S3",0.85,"Cc_S3",189,400,"N1",20000,0.95925,0.00755,1160.8035
"S3",0.85,"Cj_conc",132,450,"N1",20000,0.9585,0.0102,1137.606
"S3",0.9,"M",178,500,"N1",20000,0.64925,0.0089,1130.117
"S3",0.9,"Cc_S3",196,500,"N1",20000,0.96425,0.009,1370.264
"S3",0.9,"Cj_conc",171,500,"N1",20000,0.9811,0.01045,1329.5638
"S1",0.8,"Cu_pe",78,450,"N1",20000,0.5904,0.00975,751.2576
"S1",0.8,"Cj_conc_pe",85,450,"N1",20000,0.57125,0.00965,757.0125
"S1",0.85,"Cu_pe",111,450,"N1",20000,0.58775,0.00845,842.4945
"S1",0.85,"Cj_conc_pe",117,450,"N1",20000,0.571,0.00835,848.286
"S1",0.9,"Cu_pe",120,500,"N1",20000,0.57935,0.0093,920.306
"S1",0.9,"Cj_conc_pe",136,500,"N1",20000,0.5731,0.00935,961.2168
"S3",0.8,"Cj_conc_pe",124,400,"N1",20000,0.57195,0.0084,811.7164
"S3",0.85,"Cj_conc_pe",134,450,"N1",20000,0.5686,0.0093,895.3552
"S3",0.9,"Cj_conc_pe",169,500,"N1",20000,0.56915,0.0086,1052.7773
