"cfg","design","n1","rho","proceed","pcs","power","false_claim","EN"
"S1","M",100,0,0.9796,0.8104,0.7495,0,889.8
"S2","M",100,0,0.9634,0.595,0.4872,0,881.7
"S1","Cu",100,0,0.9991,0.9254,0.8234,0,899.55
"S2","Cu",100,0,0.9981,0.6936,0.516,0,899.05
"S3","M",100,0,0.9864,0.6741,0.7284,0.0042,893.2
"S3","Cu",100,0,0.9999,0.6276,0.6863,0.0044,899.95
"S3","Cc_S3",100,0,0.7803,0.8334,0.6926,7e-04,790.15
"S4","M",100,0,0.9218,0.6051,0.2124,0.0035,860.9
"S4","Cu",100,0,0.9978,0.2602,0.1051,0.0058,898.9
"S4","Cc_S4",100,0,0.9352,0.4742,0.1838,0.0017,867.6
"N0","M",100,0,0.208,0.3325,0,0,504
"N1","M",100,0,0.7074,0.1684,0.0117,0.0117,753.7
"N2","M",100,0,0.9531,0.9932,0.7708,0,876.55
"N0","Cu",100,0,0.1976,0.3288,0,0,498.8
"N1","Cu",100,0,0.9803,0.0114,0.0155,0.0155,890.15
"N2","Cu",100,0,0.998,1,0.7916,0,899
"N0","Cc_S3",100,0,0.1938,0.3357,0,0,496.9
"N1","Cc_S3",100,0,0.8411,0.0479,0.0081,0.0081,820.55
"N2","Cc_S3",100,0,0.7878,0.969,0.6424,0,793.9
"N0","Cc_S4",100,0,0.1975,0.3296,0,0,498.75
"N1","Cc_S4",100,0,0.6902,0.0885,0.0135,0.0135,745.1
"N2","Cc_S4",100,0,0.9838,0.9996,0.783,0,891.9
"S1","M",100,0.3,0.9579,0.7892,0.7473,0,878.95
"S2","M",100,0.3,0.9319,0.5868,0.5215,0,865.95
"S1","Cu",100,0.3,0.9882,0.8662,0.7992,0,894.1
"S2","Cu",100,0.3,0.9839,0.6527,0.5535,0,891.95
"S3","M",100,0.3,0.9715,0.6778,0.7373,0.0042,885.75
"S3","Cu",100,0.3,0.9965,0.5633,0.6473,0.0048,898.25
"S3","Cc_S3",100,0.3,0.7838,0.8382,0.6988,9e-04,791.9
"S4","M",100,0.3,0.8619,0.616,0.2529,0.0031,830.95
"S4","Cu",100,0.3,0.9788,0.2978,0.1366,0.0045,889.4
"S4","Cc_S4",100,0.3,0.8792,0.4546,0.2085,0.0025,839.6
"N0","M",100,0.3,0.2116,0.341,0,0,505.8
"N1","M",100,0.3,0.6427,0.1913,0.0144,0.0144,721.35
"N2","M",100,0.3,0.9259,0.9871,0.7716,0,862.95
"N0","Cu",100,0.3,0.1994,0.3361,1e-04,1e-04,499.7
"N1","Cu",100,0.3,0.9242,0.0282,0.0154,0.0154,862.1
"N2","Cu",100,0.3,0.9811,0.9994,0.8031,0,890.55
"N0","Cc_S3",100,0.3,0.1944,0.335,0,0,497.2
"N1","Cc_S3",100,0.3,0.8431,0.0494,0.0134,0.0134,821.55
"N2","Cc_S3",100,0.3,0.7874,0.9688,0.6528,0,793.7
"N0","Cc_S4",100,0.3,0.192,0.3343,0,0,496
"N1","Cc_S4",100,0.3,0.6125,0.1132,0.015,0.015,706.25
"N2","Cc_S4",100,0.3,0.9583,0.9983,0.7918,0,879.15
"S1","M",100,0.6,0.9322,0.7653,0.7552,0,866.1
"S2","M",100,0.6,0.8891,0.5799,0.5462,0,844.55
"S1","Cu",100,0.6,0.9535,0.8243,0.7908,0,876.75
"S2","Cu",100,0.6,0.9482,0.6242,0.5664,0,874.1
"S3","M",100,0.6,0.9464,0.6856,0.7408,0.0039,873.2
"S3","Cu",100,0.6,0.9863,0.532,0.6282,0.0073,893.15
"S3","Cc_S3",100,0.6,0.7794,0.8251,0.7003,8e-04,789.7
"S4","M",100,0.6,0.783,0.6293,0.2905,0.0024,791.5
"S4","Cu",100,0.6,0.9435,0.3042,0.1616,0.0038,871.75
"S4","Cc_S4",100,0.6,0.8422,0.4435,0.2551,0.003,821.1
"N0","M",100,0.6,0.2051,0.3279,0,0,502.55
"N1","M",100,0.6,0.5484,0.2256,0.0166,0.0166,674.2
"N2","M",100,0.6,0.8922,0.9831,0.7802,0,846.1
"N0","Cu",100,0.6,0.1968,0.3374,3e-04,3e-04,498.4
"N1","Cu",100,0.6,0.8528,0.0435,0.0175,0.0175,826.4
"N2","Cu",100,0.6,0.9363,0.996,0.802,0,868.15
"N0","Cc_S3",100,0.6,0.1999,0.3286,2e-04,2e-04,499.95
"N1","Cc_S3",100,0.6,0.8497,0.0465,0.0161,0.0161,824.85
"N2","Cc_S3",100,0.6,0.7886,0.9707,0.6824,0,794.3
"N0","Cc_S4",100,0.6,0.1979,0.3314,0,0,498.95
"N1","Cc_S4",100,0.6,0.5733,0.1307,0.018,0.018,686.65
"N2","Cc_S4",100,0.6,0.9177,0.9934,0.7964,0,858.85
