"cfg","target","eta","design","n1","rho","nsim","proceed","pcs","power","claim_opt","false_claim","EN"
"S1",0.1,0.664442439007408,"M",100,0.3,1000,0.913,0.803,0.693,0.638,0,856.5
"S3",0.1,0.664442439007408,"M",100,0.3,1000,0.947,0.689,0.708,0.598,0.003,873.5
"N1",0.1,0.664442439007408,"M",100,0.3,4000,0.49125,0.186,0,0.00025,0.012,645.625
"S1",0.2,0.556366107819791,"M",100,0.3,1000,0.95,0.793,0.723,0.664,0,875
"S3",0.2,0.556366107819791,"M",100,0.3,1000,0.967,0.681,0.712,0.585,0.004,883.5
"N1",0.2,0.556366107819791,"M",100,0.3,4000,0.62675,0.19025,0,0,0.009,713.375
"S1",0.3,0.443765803674168,"M",100,0.3,1000,0.98,0.787,0.759,0.684,0,890
"S3",0.3,0.443765803674168,"M",100,0.3,1000,0.985,0.664,0.725,0.588,0.004,892.5
"N1",0.3,0.443765803674168,"M",100,0.3,4000,0.71875,0.18475,0,0,0.011,759.375
"S1",0.1,0.96257222420117,"Cu",100,0.3,1000,0.964,0.872,0.762,0.716,0,882
"N1",0.1,0.96257222420117,"Cu",100,0.3,4000,0.839,0.023,0,0,0.013,819.5
"S1",0.2,0.924448241285892,"Cu",100,0.3,1000,0.986,0.856,0.754,0.712,0,893
"N1",0.2,0.924448241285892,"Cu",100,0.3,4000,0.9205,0.02475,0,0,0.0165,860.25
"S1",0.3,0.859700588764094,"Cu",100,0.3,1000,0.995,0.87,0.784,0.736,0,897.5
"N1",0.3,0.859700588764094,"Cu",100,0.3,4000,0.95675,0.02625,0,0,0.01025,878.375
"S3",0.1,0.949523482433141,"Cc_S3",100,0.3,1000,0.742,0.818,0.655,0.573,0,771
"S3",0.2,0.907620857526184,"Cc_S3",100,0.3,1000,0.852,0.818,0.71,0.643,0.001,826
"S3",0.3,0.854182939298007,"Cc_S3",100,0.3,1000,0.902,0.81,0.745,0.671,0.001,851
