"cfg","closure","design","n1","rho","nsim","proceed","pcs","power","claim_opt","false_claim","EN"
"S1","full","M",100,0,10000,0.9756,0.8138,0.6512,0.6214,0,887.8
"S3","full","M",100,0,10000,0.9875,0.6769,0.6807,0.5693,0.0021,893.75
"N1","full","M",100,0,40000,0.7154,0.174225,0,2.5e-05,0.005925,757.7
"N3","full","M",100,0,40000,0.88675,0.335525,0,0.0053,0.0159,843.375
"N4","full","M",100,0,40000,0.905975,0.335425,0,0.008225,0.025125,852.9875
"S1","full","Cu",100,0,10000,0.9989,0.922,0.7225,0.7048,0,899.45
"S3","full","Cu",100,0,10000,1,0.6292,0.6429,0.5383,0.0031,900
"N1","full","Cu",100,0,40000,0.980675,0.00985,0,0,0.0074,890.3375
"N3","full","Cu",100,0,40000,0.99795,0.337525,0,0.00435,0.012575,898.975
"N4","full","Cu",100,0,40000,1,0.343575,0,0.005325,0.016175,900
"S1","union","M",100,0,10000,0.9781,0.8085,0.7156,0.677,0,889.05
"S3","union","M",100,0,10000,0.9871,0.6806,0.7054,0.5891,0.0025,893.55
"N1","union","M",100,0,40000,0.71705,0.1715,0,0,0.00885,758.525
"N3","union","M",100,0,40000,0.881175,0.334675,0,0.00725,0.019275,840.5875
"N4","union","M",100,0,40000,0.90615,0.332175,0,0.00835,0.025275,853.075
"S1","union","Cu",100,0,10000,0.9991,0.9217,0.7908,0.7667,0,899.55
"S3","union","Cu",100,0,10000,1,0.6277,0.6623,0.5514,0.0031,900
"N1","union","Cu",100,0,40000,0.980325,0.009025,0,0,0.01035,890.1625
"N3","union","Cu",100,0,40000,0.998,0.339425,0,0.005325,0.016,899
"N4","union","Cu",100,0,40000,1,0.350125,0,0.006375,0.018125,900
"S1","endpoint","M",100,0,10000,0.9796,0.7966,0.7449,0.6845,0,889.8
"S3","endpoint","M",100,0,10000,0.9868,0.6811,0.7381,0.6051,0.004,893.4
"N1","endpoint","M",100,0,40000,0.714275,0.1722,0,2.5e-05,0.012425,757.1375
"N3","endpoint","M",100,0,40000,0.886975,0.33405,0,0.015325,0.04635,843.4875
"N4","endpoint","M",100,0,40000,0.90825,0.334875,0,0.01845,0.056075,854.125
"S1","endpoint","Cu",100,0,10000,0.9994,0.9252,0.8207,0.795,0,899.7
"S3","endpoint","Cu",100,0,10000,0.9999,0.6184,0.6872,0.5632,0.0037,899.95
"N1","endpoint","Cu",100,0,40000,0.98025,0.010025,0,0,0.013125,890.125
"N3","endpoint","Cu",100,0,40000,0.99775,0.340575,0,0.0102,0.031175,898.875
"N4","endpoint","Cu",100,0,40000,1,0.341925,0,0.011725,0.036925,900
"S1","full","M",100,0.3,10000,0.9555,0.7952,0.665,0.6184,0,877.75
"S3","full","M",100,0.3,10000,0.9703,0.6843,0.697,0.582,0.0034,885.15
"N1","full","M",100,0.3,40000,0.631025,0.19465,0,0.00025,0.007925,715.5125
"N3","full","M",100,0.3,40000,0.793475,0.336425,0,0.0065,0.020175,796.7375
"N4","full","M",100,0.3,40000,0.818325,0.3339,0,0.008825,0.025225,809.1625
"S1","full","Cu",100,0.3,10000,0.9887,0.866,0.7237,0.6866,0,894.35
"S3","full","Cu",100,0.3,10000,0.9977,0.5666,0.6138,0.4946,0.003,898.85
"N1","full","Cu",100,0.3,40000,0.92445,0.02585,0,5e-05,0.008575,862.225
"N3","full","Cu",100,0.3,40000,0.981325,0.33605,0,0.004675,0.0157,890.6625
"N4","full","Cu",100,0.3,40000,0.999975,0.345675,0,0.0061,0.019025,899.9875
"S1","union","M",100,0.3,10000,0.9533,0.7901,0.7222,0.6587,0,876.65
"S3","union","M",100,0.3,10000,0.9704,0.6728,0.7073,0.5804,0.0031,885.2
"N1","union","M",100,0.3,40000,0.634175,0.1891,0,2e-04,0.012425,717.0875
"N3","union","M",100,0.3,40000,0.78965,0.3422,0,0.008425,0.022825,794.825
"N4","union","M",100,0.3,40000,0.817075,0.33695,0,0.008575,0.025,808.5375
"S1","union","Cu",100,0.3,10000,0.9871,0.8675,0.7867,0.7363,0,893.55
"S3","union","Cu",100,0.3,10000,0.9973,0.5659,0.6333,0.5094,0.004,898.65
"N1","union","Cu",100,0.3,40000,0.923075,0.02635,0,0.000125,0.0139,861.5375
"N3","union","Cu",100,0.3,40000,0.981425,0.335775,0,0.0062,0.0191,890.7125
"N4","union","Cu",100,0.3,40000,0.99995,0.34475,0,0.006425,0.019975,899.975
"S1","endpoint","M",100,0.3,10000,0.9546,0.7911,0.7583,0.6847,0,877.3
"S3","endpoint","M",100,0.3,10000,0.9693,0.6871,0.7355,0.6074,0.0038,884.65
"N1","endpoint","M",100,0.3,40000,0.62735,0.19405,0,5e-04,0.014125,713.675
"N3","endpoint","M",100,0.3,40000,0.79225,0.335,0,0.016025,0.048625,796.125
"N4","endpoint","M",100,0.3,40000,0.816825,0.334275,0,0.0175,0.0536,808.4125
"S1","endpoint","Cu",100,0.3,10000,0.9902,0.8746,0.809,0.7567,0,895.1
"S3","endpoint","Cu",100,0.3,10000,0.9973,0.5716,0.6559,0.5213,0.0048,898.65
"N1","endpoint","Cu",100,0.3,40000,0.92405,0.026375,0,7.5e-05,0.015625,862.025
"N3","endpoint","Cu",100,0.3,40000,0.980825,0.3345,0,0.0112,0.034825,890.4125
"N4","endpoint","Cu",100,0.3,40000,0.999975,0.34175,0,0.0128,0.0379,899.9875
"S1","full","M",100,0.6,10000,0.932,0.7665,0.6749,0.5996,0,866
"S3","full","M",100,0.6,10000,0.9442,0.6997,0.7043,0.5914,0.0017,872.1
"N1","full","M",100,0.6,40000,0.547925,0.223275,0,0.000825,0.01015,673.9625
"N3","full","M",100,0.6,40000,0.683,0.33485,0,0.007,0.02075,741.5
"N4","full","M",100,0.6,40000,0.69605,0.3397,0,0.00775,0.023625,748.025
"S1","full","Cu",100,0.6,10000,0.9555,0.8185,0.7204,0.6607,0,877.75
"S3","full","Cu",100,0.6,10000,0.9824,0.5204,0.5881,0.4621,0.0061,891.2
"N1","full","Cu",100,0.6,40000,0.846575,0.045575,0,0.000425,0.01165,823.2875
"N3","full","Cu",100,0.6,40000,0.9432,0.336,0,0.005875,0.017775,871.6
"N4","full","Cu",100,0.6,40000,0.9995,0.345125,0,0.006675,0.018875,899.75
"S1","union","M",100,0.6,10000,0.9265,0.7707,0.7385,0.6554,0,863.25
"S3","union","M",100,0.6,10000,0.9463,0.6938,0.7264,0.6006,0.0025,873.15
"N1","union","M",100,0.6,40000,0.5476,0.220275,0,0.001225,0.014625,673.8
"N3","union","M",100,0.6,40000,0.678325,0.332275,0,0.007725,0.02385,739.1625
"N4","union","M",100,0.6,40000,0.698925,0.33605,0,0.00745,0.022725,749.4625
"S1","union","Cu",100,0.6,10000,0.9601,0.8177,0.7838,0.7035,0,880.05
"S3","union","Cu",100,0.6,10000,0.9882,0.5347,0.6196,0.4814,0.0059,894.1
"N1","union","Cu",100,0.6,40000,0.850675,0.0439,0,0.00065,0.013725,825.3375
"N3","union","Cu",100,0.6,40000,0.94395,0.33255,0,0.00665,0.019625,871.975
"N4","union","Cu",100,0.6,40000,0.99955,0.351975,0,0.006675,0.02055,899.775
"S1","endpoint","M",100,0.6,10000,0.9273,0.7734,0.7577,0.6606,0,863.65
"S3","endpoint","M",100,0.6,10000,0.9475,0.6971,0.7476,0.612,0.0028,873.75
"N1","endpoint","M",100,0.6,40000,0.553525,0.22285,0,0.00165,0.0176,676.7625
"N3","endpoint","M",100,0.6,40000,0.682425,0.334775,0,0.0164,0.049925,741.2125
"N4","endpoint","M",100,0.6,40000,0.695825,0.339725,0,0.017825,0.05025,747.9125
"S1","endpoint","Cu",100,0.6,10000,0.9576,0.8192,0.7933,0.7148,0,878.8
"S3","endpoint","Cu",100,0.6,10000,0.9859,0.537,0.6323,0.4908,0.0069,892.95
"N1","endpoint","Cu",100,0.6,40000,0.849175,0.044525,0,0.00045,0.01705,824.5875
"N3","endpoint","Cu",100,0.6,40000,0.9433,0.337825,0,0.0124,0.039225,871.65
"N4","endpoint","Cu",100,0.6,40000,0.9993,0.3459,0,0.01425,0.041575,899.65
