"cfg","design","n1","rho","nsim","proceed","pcs","power","claim_opt","false_claim","EN"
"S1","M",40,0.3,10000,0.7715,0.6598,0.5198,0.462,0,638.33
"S1","Cu",40,0.3,10000,0.8501,0.7311,0.6055,0.5446,0,687.062
"S1","M",60,0.3,10000,0.8789,0.71,0.5996,0.5376,0,749.762
"S1","Cu",60,0.3,10000,0.9397,0.7956,0.6876,0.6345,0,785.026
"S1","M",80,0.3,10000,0.9308,0.7468,0.638,0.5799,0,822.632
"S1","Cu",80,0.3,10000,0.9722,0.8398,0.7101,0.664,0,844.988
"S1","M",100,0.3,10000,0.9581,0.7899,0.6657,0.6169,0,879.05
"S1","Cu",100,0.3,10000,0.9861,0.8657,0.7169,0.6761,0,893.05
"S1","M",120,0.3,10000,0.9732,0.8141,0.6792,0.6322,0,927.672
"S1","Cu",120,0.3,10000,0.9946,0.8876,0.7225,0.6894,0,937.516
"S1","M",150,0.3,10000,0.9893,0.8462,0.6939,0.6533,0,995.72
"S1","Cu",150,0.3,10000,0.9988,0.9191,0.7225,0.6979,0,999.52
"S1","M",200,0.3,10000,0.9973,0.8871,0.7131,0.6777,0,1099.19
"S1","Cu",200,0.3,10000,1,0.9447,0.7234,0.7044,0,1100
"S3","M",40,0.3,10000,0.8362,0.5353,0.5203,0.4055,0.0042,678.444
"S3","Cc_S3",40,0.3,10000,0.5386,0.6947,0.4301,0.3694,0.0017,493.932
"S3","M",60,0.3,10000,0.9168,0.596,0.6004,0.4834,0.0035,771.744
"S3","Cc_S3",60,0.3,10000,0.63,0.7569,0.5191,0.4561,7e-04,605.4
"S3","M",80,0.3,10000,0.9543,0.6488,0.6603,0.5453,0.0029,835.322
"S3","Cc_S3",80,0.3,10000,0.7194,0.803,0.609,0.5449,0.0011,708.476
"S3","M",100,0.3,10000,0.9695,0.6736,0.6948,0.5715,0.002,884.75
"S3","Cc_S3",100,0.3,10000,0.7837,0.8343,0.6735,0.612,8e-04,791.85
"S3","M",120,0.3,10000,0.9812,0.7169,0.7228,0.6133,0.0033,931.352
"S3","Cc_S3",120,0.3,10000,0.8275,0.8564,0.7082,0.6501,4e-04,860.65
"S3","M",150,0.3,10000,0.9902,0.7548,0.7548,0.6455,0.0022,996.08
"S3","Cc_S3",150,0.3,10000,0.8633,0.8883,0.7554,0.6994,3e-04,945.32
"S3","M",200,0.3,10000,0.9978,0.8027,0.7995,0.6971,0.0021,1099.34
"S3","Cc_S3",200,0.3,10000,0.9384,0.9133,0.8093,0.761,0,1081.52
