"cfg","rho","n1","M","Cu","Cc","regret_M","regret_Cu","regret_Cc"
"S1",0,25,0.6087,0.7337,0.7299,0.025045,0.01577,0.01606
"S2",0,25,0.5067,0.58,0.5753,0.011539,0.006786,0.007043
"S3",0,25,0.4808,0.4822,0.6344,0.049924,0.050183,0.032389
"S4",0,25,0.4069,0.3361,0.4072,0.039742,0.05655,0.032816
"S1",0.3,25,0.596,0.6628,0.6639,0.02639,0.020925,0.020885
"S2",0.3,25,0.4977,0.5353,0.5334,0.012121,0.009075,0.00928
"S3",0.3,25,0.489,0.4586,0.6287,0.049231,0.053445,0.032641
"S4",0.3,25,0.4124,0.3329,0.3888,0.038056,0.05419,0.0338
"S1",0.6,25,0.5794,0.6194,0.6131,0.02739,0.02427,0.02461
"S2",0.6,25,0.4907,0.5151,0.526,0.012755,0.010639,0.009912
"S3",0.6,25,0.4893,0.4454,0.6298,0.048706,0.055139,0.032683
"S4",0.6,25,0.4236,0.337,0.3891,0.036264,0.051748,0.031946
"S1",0,40,0.6633,0.7956,0.7911,0.020475,0.011305,0.011525
"S2",0,40,0.5399,0.621,0.6168,0.009185,0.005098,0.005368
"S3",0,40,0.5387,0.5241,0.6835,0.042413,0.044877,0.026572
"S4",0,40,0.4525,0.3091,0.4223,0.03647,0.061826,0.031042
"S1",0.3,40,0.6572,0.7386,0.7348,0.02127,0.0152,0.015465
"S2",0.3,40,0.5233,0.5737,0.5817,0.009963,0.006789,0.006919
"S3",0.3,40,0.5229,0.4819,0.6884,0.043827,0.050092,0.026166
"S4",0.3,40,0.4621,0.3266,0.4082,0.033894,0.057292,0.032132
"S1",0.6,40,0.6327,0.6806,0.6747,0.023215,0.019455,0.01986
"S2",0.6,40,0.5162,0.5525,0.5605,0.010652,0.008333,0.008007
"S3",0.6,40,0.5383,0.467,0.6912,0.04242,0.052633,0.025984
"S4",0.6,40,0.4768,0.3354,0.4015,0.03096,0.054516,0.030554
"S1",0,50,0.711,0.8345,0.8308,0.01731,0.008925,0.009145
"S2",0,50,0.558,0.6322,0.6283,0.008068,0.004452,0.004677
"S3",0,50,0.5669,0.5437,0.7349,0.03885,0.042875,0.02184
"S4",0,50,0.4786,0.3161,0.4433,0.033252,0.06287,0.029814
"S1",0.3,50,0.6863,0.7674,0.767,0.01895,0.013165,0.013195
"S2",0.3,50,0.5459,0.5998,0.6053,0.008861,0.005682,0.005789
"S3",0.3,50,0.5669,0.5035,0.7258,0.038899,0.047719,0.02261
"S4",0.3,50,0.4975,0.3203,0.4287,0.031154,0.059562,0.030666
"S1",0.6,50,0.6649,0.7187,0.7109,0.02058,0.016535,0.01713
"S2",0.6,50,0.5352,0.5694,0.5746,0.00931,0.007018,0.006684
"S3",0.6,50,0.5777,0.4816,0.7365,0.037765,0.050575,0.021707
"S4",0.6,50,0.5046,0.3251,0.41,0.028732,0.056778,0.029416
"S1",0,60,0.7305,0.8559,0.8561,0.015685,0.007575,0.007565
"S2",0,60,0.574,0.645,0.6449,0.006882,0.003964,0.004109
"S3",0,60,0.5928,0.5607,0.7509,0.035966,0.040831,0.019957
"S4",0,60,0.5112,0.2958,0.4479,0.030952,0.065548,0.029466
"S1",0.3,60,0.7216,0.7934,0.7929,0.016675,0.01154,0.01165
"S2",0.3,60,0.5536,0.6099,0.6091,0.007872,0.005251,0.005367
"S3",0.3,60,0.5925,0.5242,0.7542,0.035959,0.045472,0.020055
"S4",0.3,60,0.5088,0.3091,0.4229,0.029144,0.061618,0.030918
"S1",0.6,60,0.7012,0.7435,0.7366,0.01797,0.014835,0.01538
"S2",0.6,60,0.5438,0.5857,0.5964,0.008762,0.006411,0.0061
"S3",0.6,60,0.5966,0.4893,0.7552,0.034762,0.049294,0.019684
"S4",0.6,60,0.5463,0.3277,0.4199,0.024442,0.05771,0.02797
"S1",0,75,0.7622,0.883,0.8801,0.013685,0.006125,0.00629
"S2",0,75,0.5808,0.6595,0.6633,0.006388,0.003645,0.003691
"S3",0,75,0.6298,0.5953,0.7873,0.031822,0.036897,0.01666
"S4",0,75,0.5407,0.2841,0.4608,0.027258,0.068054,0.027744
"S1",0.3,75,0.7487,0.8251,0.826,0.01449,0.009535,0.009505
"S2",0.3,75,0.5705,0.6318,0.6371,0.007187,0.004534,0.004559
"S3",0.3,75,0.6283,0.528,0.7867,0.031542,0.044121,0.016569
"S4",0.3,75,0.5587,0.3112,0.4474,0.024986,0.063112,0.029204
"S1",0.6,75,0.7245,0.773,0.7677,0.01604,0.0127,0.013075
"S2",0.6,75,0.5491,0.5972,0.6046,0.007755,0.005534,0.005142
"S3",0.6,75,0.6483,0.5172,0.7938,0.029988,0.046235,0.016177
"S4",0.6,75,0.5799,0.3234,0.428,0.022106,0.059844,0.027568
"S1",0,100,0.8119,0.923,0.9214,0.01042,0.003905,0.004
"S2",0,100,0.5977,0.6954,0.6928,0.005565,0.003124,0.003186
"S3",0,100,0.6812,0.6335,0.8283,0.026327,0.032487,0.012964
"S4",0,100,0.5866,0.2619,0.4729,0.022932,0.071514,0.026646
"S1",0.3,100,0.7853,0.8642,0.8627,0.01212,0.0072,0.007275
"S2",0.3,100,0.594,0.6498,0.6566,0.005896,0.003898,0.00389
"S3",0.3,100,0.6678,0.5596,0.8233,0.027048,0.040544,0.013237
"S4",0.3,100,0.6172,0.2948,0.4585,0.019896,0.06616,0.028806
"S1",0.6,100,0.7731,0.822,0.8188,0.01291,0.009745,0.01
"S2",0.6,100,0.5723,0.6211,0.6309,0.006641,0.004707,0.004465
"S3",0.6,100,0.6938,0.5455,0.836,0.024878,0.042784,0.012313
"S4",0.6,100,0.6326,0.3064,0.443,0.016852,0.063368,0.025188
"S1",0,125,0.8404,0.946,0.9446,0.00856,0.00271,0.00278
"S2",0,125,0.6151,0.708,0.713,0.004785,0.002944,0.0029
"S3",0,125,0.7182,0.6577,0.8652,0.022295,0.02968,0.009975
"S4",0,125,0.6496,0.2495,0.4997,0.018184,0.073618,0.024742
"S1",0.3,125,0.8219,0.8939,0.8931,0.009615,0.005495,0.00553
"S2",0.3,125,0.6056,0.6786,0.6881,0.005342,0.003418,0.003335
"S3",0.3,125,0.7203,0.5829,0.8612,0.021924,0.037667,0.010192
"S4",0.3,125,0.6555,0.2738,0.4708,0.016042,0.069492,0.02728
"S1",0.6,125,0.8042,0.8493,0.8455,0.010685,0.008015,0.00825
"S2",0.6,125,0.6016,0.6433,0.661,0.005544,0.004179,0.003852
"S3",0.6,125,0.7289,0.559,0.8584,0.020979,0.040782,0.010521
"S4",0.6,125,0.6667,0.2873,0.4482,0.013538,0.066206,0.02406
"S1",0,150,0.8617,0.9602,0.9593,0.007225,0.001995,0.002045
"S2",0,150,0.6325,0.7396,0.7415,0.004305,0.00261,0.002585
"S3",0,150,0.7498,0.6736,0.885,0.019369,0.027629,0.008414
"S4",0,150,0.6858,0.2295,0.5193,0.015332,0.076034,0.023614
"S1",0.3,150,0.8483,0.9141,0.9122,0.00801,0.004365,0.00448
"S2",0.3,150,0.6138,0.6916,0.6974,0.004864,0.003174,0.003092
"S3",0.3,150,0.7529,0.6131,0.8829,0.019201,0.034916,0.008568
"S4",0.3,150,0.7043,0.2619,0.4877,0.012922,0.071506,0.026558
"S1",0.6,150,0.8308,0.8747,0.8699,0.009125,0.006525,0.006795
"S2",0.6,150,0.6081,0.6632,0.6763,0.005083,0.003668,0.003435
"S3",0.6,150,0.7767,0.5768,0.892,0.016905,0.039326,0.007931
"S4",0.6,150,0.7063,0.2857,0.4647,0.011162,0.067814,0.022914
"S1",0,200,0.8981,0.9773,0.9761,0.005275,0.00114,0.001195
"S2",0,200,0.6492,0.7607,0.7544,0.003856,0.002393,0.002462
"S3",0,200,0.8153,0.7265,0.9183,0.013713,0.022477,0.005803
"S4",0,200,0.7526,0.1942,0.5348,0.01018,0.080124,0.021648
"S1",0.3,200,0.8801,0.9472,0.9445,0.0062,0.00266,0.0028
"S2",0.3,200,0.6318,0.7204,0.7283,0.004258,0.002826,0.002759
"S3",0.3,200,0.8128,0.6554,0.9214,0.013811,0.030163,0.005558
"S4",0.3,200,0.7537,0.2398,0.5084,0.00883,0.074668,0.024128
"S1",0.6,200,0.8665,0.9117,0.9073,0.00701,0.004495,0.00474
"S2",0.6,200,0.6236,0.6878,0.7027,0.004436,0.003266,0.003027
"S3",0.6,200,0.8276,0.6102,0.9187,0.012572,0.035245,0.005775
"S4",0.6,200,0.7547,0.268,0.4784,0.007562,0.070608,0.020832
"S1",0,250,0.9224,0.9863,0.9847,0.003925,0.000685,0.000765
"S2",0,250,0.6628,0.7854,0.7863,0.003612,0.002146,0.002137
"S3",0,250,0.8501,0.7538,0.9408,0.010822,0.019866,0.004186
"S4",0,250,0.7942,0.1703,0.5703,0.006996,0.082706,0.019602
"S1",0.3,250,0.911,0.9641,0.9641,0.00455,0.001805,0.001805
"S2",0.3,250,0.6488,0.7363,0.7459,0.003848,0.002643,0.002553
"S3",0.3,250,0.8538,0.6956,0.9398,0.010598,0.02583,0.004256
"S4",0.3,250,0.7899,0.2193,0.5296,0.006514,0.077294,0.02336
"S1",0.6,250,0.8992,0.9335,0.9328,0.00517,0.00334,0.003395
"S2",0.6,250,0.6304,0.7002,0.7143,0.004128,0.003052,0.002893
"S3",0.6,250,0.8628,0.631,0.9407,0.009835,0.032571,0.004179
"S4",0.6,250,0.7913,0.2483,0.4962,0.005566,0.073434,0.019124
"S1",0,300,0.9413,0.9923,0.9922,0.002975,0.000385,0.00039
"S2",0,300,0.6721,0.8078,0.8037,0.003399,0.001922,0.001963
"S3",0,300,0.8677,0.7754,0.9518,0.009436,0.017619,0.003381
"S4",0,300,0.8208,0.1493,0.5838,0.005296,0.084926,0.018228
"S1",0.3,300,0.9292,0.9767,0.9762,0.003555,0.001165,0.00119
"S2",0.3,300,0.6546,0.7493,0.7614,0.003664,0.002507,0.002386
"S3",0.3,300,0.8849,0.7154,0.9569,0.008246,0.023464,0.003045
"S4",0.3,300,0.823,0.1904,0.5462,0.00478,0.08044,0.021948
"S1",0.6,300,0.9195,0.9507,0.9462,0.0041,0.002485,0.002705
"S2",0.6,300,0.6515,0.7274,0.7396,0.003671,0.002738,0.002616
"S3",0.6,300,0.8984,0.6673,0.9566,0.007196,0.028483,0.003052
"S4",0.6,300,0.8137,0.2257,0.502,0.004606,0.076294,0.018736
"S1",0,400,0.9641,0.9979,0.9979,0.001795,0.000105,0.000105
"S2",0,400,0.6907,0.8432,0.8415,0.003123,0.001568,0.001585
"S3",0,400,0.9212,0.8314,0.9781,0.005523,0.012768,0.001533
"S4",0,400,0.8592,0.1193,0.6282,0.00336,0.08803,0.015588
"S1",0.3,400,0.9565,0.9895,0.9893,0.00219,0.000525,0.000535
"S2",0.3,400,0.6769,0.7884,0.7996,0.003297,0.002116,0.002004
"S3",0.3,400,0.9294,0.7603,0.9771,0.004977,0.019425,0.001617
"S4",0.3,400,0.8427,0.1677,0.5719,0.003474,0.083062,0.018946
"S1",0.6,400,0.9474,0.9736,0.9703,0.002655,0.00132,0.001485
"S2",0.6,400,0.6618,0.7483,0.7675,0.00352,0.002517,0.002325
"S3",0.6,400,0.9418,0.7121,0.9773,0.004081,0.024192,0.001589
"S4",0.6,400,0.8485,0.1993,0.5253,0.003286,0.079534,0.015974
"S1",0,600,0.9842,0.9998,0.9999,0.00079,1e-05,5e-06
"S2",0,600,0.7138,0.8873,0.8871,0.002868,0.001127,0.001129
"S3",0,600,0.9692,0.8839,0.9917,0.002156,0.008463,0.000581
"S4",0,600,0.8855,0.068,0.673,0.002378,0.093192,0.012452
"S1",0.3,600,0.9816,0.9979,0.9977,0.000925,0.000105,0.000115
"S2",0.3,600,0.706,0.8476,0.8553,0.002946,0.001524,0.001447
"S3",0.3,600,0.9725,0.8259,0.9925,0.001925,0.013377,0.000525
"S4",0.3,600,0.8797,0.1184,0.6249,0.002438,0.088136,0.015726
"S1",0.6,600,0.9796,0.9917,0.9887,0.00102,0.000415,0.000565
"S2",0.6,600,0.6916,0.797,0.812,0.003102,0.00203,0.00188
"S3",0.6,600,0.9798,0.7733,0.9925,0.001414,0.018123,0.000525
"S4",0.6,600,0.8748,0.1472,0.5526,0.002528,0.0852,0.01314
"S1",0,800,0.994,1,1,3e-04,0,0
"S2",0,800,0.732,0.92,0.9189,0.00268,0.000800000000000001,0.000811000000000001
"S3",0,800,0.9877,0.9174,0.9978,0.000861,0.005901,0.000154
"S4",0,800,0.9064,0.0404,0.7198,0.001896,0.09596,0.009828
"S1",0.3,800,0.9914,0.9988,0.9988,0.00043,6e-05,6e-05
"S2",0.3,800,0.7255,0.8707,0.8834,0.002745,0.001293,0.001166
"S3",0.3,800,0.989,0.8624,0.9977,0.00077,0.010262,0.000161
"S4",0.3,800,0.9021,0.0871,0.6746,0.001958,0.091282,0.012436
"S1",0.6,800,0.9896,0.9967,0.9966,0.00052,0.000165,0.00017
"S2",0.6,800,0.7081,0.8298,0.848,0.002925,0.001702,0.00152
"S3",0.6,800,0.9931,0.8188,0.9969,0.000483,0.013944,0.000217
"S4",0.6,800,0.8974,0.1179,0.5767,0.002068,0.08817,0.011754
