"cfg","gate","pcs","regret"
"S1","M",0.7888,0.0117825
"S1","Cu",0.86805,0.0068925
"S1","Cj_all",0.8261,0.00942
"S1","Cj_conc",0.84535,0.0082175
"S1","Cj_floor",0.84395,0.00833
"S1","Cc_S3",0.73,0.01587
"S1","Cc_S4",0.84405,0.00831
"S2","M",0.58805,0.0059735
"S2","Cu",0.6525,0.003892
"S2","Cj_all",0.6452,0.004394
"S2","Cj_conc",0.65025,0.0041365
"S2","Cj_floor",0.6491,0.004157
"S2","Cc_S3",0.57525,0.0079915
"S2","Cc_S4",0.6517,0.003939
"S3","M",0.67985,0.0261135
"S3","Cu",0.56865,0.0397425
"S3","Cj_all",0.71615,0.023695
"S3","Cj_conc",0.7386,0.021406
"S3","Cj_floor",0.67085,0.0283535
"S3","Cc_S3",0.82975,0.012964
"S3","Cc_S4",0.50265,0.0476
"S4","M",0.61415,0.020001
"S4","Cu",0.28775,0.067005
"S4","Cj_all",0.41725,0.042367
"S4","Cj_conc",0.2518,0.071652
"S4","Cj_floor",0.42335,0.042301
"S4","Cc_S3",0.1844,0.079452
"S4","Cc_S4",0.45985,0.028883
