"belief","design","shift","mass_C","cfg","n1","ntot","rho","nsim","eta","proceed","pcs","power","EN","false_claim"
"correct","M",0,50,"N0",100,350,0.3,10000,0.557914614963561,0.1901,0.3331,0,495.05,0
"correct","M",0,50,"S1",100,350,0.3,10000,0.557914614963561,0.9895,0.8025,0.6761,894.75,0
"correct","M",0,50,"S3",100,350,0.3,10000,0.557914614963561,0.9911,0.7094,0.7256,895.55,0.0018
"optimistic","M",0.1,50,"N0",100,350,0.3,10000,0.549969726184349,0.0423,0.3339,0,421.15,0
"optimistic","M",0.1,50,"S1",100,350,0.3,10000,0.549969726184349,0.9325,0.7992,0.6627,866.25,0
"optimistic","M",0.1,50,"S3",100,350,0.3,10000,0.549969726184349,0.9543,0.721,0.7124,877.15,0.0021
"pessimistic","M",-0.1,50,"N0",100,350,0.3,10000,0.558577706914078,0.5369,0.3346,0,668.45,0
"pessimistic","M",-0.1,50,"S1",100,350,0.3,10000,0.558577706914078,0.9991,0.7964,0.6849,899.55,0
"pessimistic","M",-0.1,50,"S3",100,350,0.3,10000,0.558577706914078,0.9987,0.7107,0.725,899.35,0.0026
"correct","C",0,50,"N0",100,350,0.3,10000,0.903317671587343,0.2139,0.3373,0,506.95,0
"correct","C",0,50,"S1",100,350,0.3,10000,0.903317671587343,0.9955,0.8475,0.7068,897.75,0
"correct","C",0,50,"S3",100,350,0.3,10000,0.903317671587343,0.9977,0.7255,0.734,898.85,0.0018
"optimistic","C",0.1,50,"N0",100,350,0.3,10000,0.906485108447163,0.0348,0.3392,0,417.4,0
"optimistic","C",0.1,50,"S1",100,350,0.3,10000,0.906485108447163,0.9544,0.8402,0.6957,877.2,0
"optimistic","C",0.1,50,"S3",100,350,0.3,10000,0.906485108447163,0.9651,0.7401,0.726,882.55,0.0018
"pessimistic","C",-0.1,50,"N0",100,350,0.3,10000,0.908374003261731,0.5554,0.3323,0,677.7,0
"pessimistic","C",-0.1,50,"S1",100,350,0.3,10000,0.908374003261731,0.9999,0.8417,0.7076,899.95,0
"pessimistic","C",-0.1,50,"S3",100,350,0.3,10000,0.908374003261731,0.9999,0.7416,0.7337,899.95,0.0021
