"prior","cfg","n1","pcs_M","pcs_C"
"weak","S1",25,0.5923,0.6419
"jeffreys","S1",25,0.6081,0.6488
"flat","S1",25,0.5925,0.6392
"ctrl20","S1",25,0.6013,0.6376
"ctrl50","S1",25,0.6176,0.6389
"ctrl50mis","S1",25,0.6187,0.6444
"weak","S3",25,0.4771,0.5575
"jeffreys","S3",25,0.4766,0.5509
"flat","S3",25,0.4792,0.5561
"ctrl20","S3",25,0.5031,0.5604
"ctrl50","S3",25,0.5125,0.5594
"ctrl50mis","S3",25,0.5133,0.5564
"weak","S1",40,0.6452,0.7009
"jeffreys","S1",40,0.6549,0.7038
"flat","S1",40,0.6606,0.7094
"ctrl20","S1",40,0.6683,0.7103
"ctrl50","S1",40,0.6748,0.7001
"ctrl50mis","S1",40,0.6672,0.7032
"weak","S3",40,0.5249,0.6036
"jeffreys","S3",40,0.5292,0.6086
"flat","S3",40,0.5292,0.6114
"ctrl20","S3",40,0.5539,0.6072
"ctrl50","S3",40,0.5738,0.6174
"ctrl50mis","S3",40,0.5654,0.6017
"weak","S1",50,0.6844,0.7421
"jeffreys","S1",50,0.6871,0.7334
"flat","S1",50,0.6921,0.7347
"ctrl20","S1",50,0.6971,0.7394
"ctrl50","S1",50,0.7056,0.7424
"ctrl50mis","S1",50,0.7048,0.7428
"weak","S3",50,0.5598,0.638
"jeffreys","S3",50,0.5661,0.6416
"flat","S3",50,0.5634,0.6402
"ctrl20","S3",50,0.583,0.6324
"ctrl50","S3",50,0.5992,0.6349
"ctrl50mis","S3",50,0.6086,0.649
"weak","S1",60,0.7105,0.7684
"jeffreys","S1",60,0.7081,0.7744
"flat","S1",60,0.7138,0.7643
"ctrl20","S1",60,0.7136,0.7671
"ctrl50","S1",60,0.7288,0.7684
"ctrl50mis","S1",60,0.7307,0.7685
"weak","S3",60,0.5995,0.663
"jeffreys","S3",60,0.6005,0.6593
"flat","S3",60,0.5892,0.6614
"ctrl20","S3",60,0.6125,0.6619
"ctrl50","S3",60,0.6185,0.6597
"ctrl50mis","S3",60,0.6264,0.6615
"weak","S1",75,0.7409,0.7964
"jeffreys","S1",75,0.7572,0.8048
"flat","S1",75,0.7452,0.808
"ctrl20","S1",75,0.7563,0.7992
"ctrl50","S1",75,0.7674,0.8067
"ctrl50mis","S1",75,0.76,0.8075
"weak","S3",75,0.6351,0.6948
"jeffreys","S3",75,0.6274,0.6923
"flat","S3",75,0.6334,0.696
"ctrl20","S3",75,0.6501,0.693
"ctrl50","S3",75,0.6608,0.6892
"ctrl50mis","S3",75,0.664,0.7001
"weak","S1",100,0.7818,0.8459
"jeffreys","S1",100,0.7819,0.8374
"flat","S1",100,0.786,0.8474
"ctrl20","S1",100,0.7968,0.8412
"ctrl50","S1",100,0.8052,0.8427
"ctrl50mis","S1",100,0.7945,0.8354
"weak","S3",100,0.6786,0.7385
"jeffreys","S3",100,0.6933,0.74
"flat","S3",100,0.6795,0.7358
"ctrl20","S3",100,0.6948,0.7345
"ctrl50","S3",100,0.7148,0.7344
"ctrl50mis","S3",100,0.7087,0.7346
"weak","S1",125,0.8256,0.8742
"jeffreys","S1",125,0.8206,0.8727
"flat","S1",125,0.8256,0.8723
"ctrl20","S1",125,0.8236,0.8733
"ctrl50","S1",125,0.8283,0.8692
"ctrl50mis","S1",125,0.8281,0.872
"weak","S3",125,0.7275,0.773
"jeffreys","S3",125,0.7254,0.7744
"flat","S3",125,0.7192,0.765
"ctrl20","S3",125,0.73,0.7667
"ctrl50","S3",125,0.7567,0.7701
"ctrl50mis","S3",125,0.7521,0.7718
"weak","S1",150,0.8439,0.8966
"jeffreys","S1",150,0.8456,0.8935
"flat","S1",150,0.8476,0.8949
"ctrl20","S1",150,0.8538,0.9002
"ctrl50","S1",150,0.8586,0.901
"ctrl50mis","S1",150,0.8532,0.8962
"weak","S3",150,0.7554,0.7947
"jeffreys","S3",150,0.7528,0.8025
"flat","S3",150,0.7565,0.7982
"ctrl20","S3",150,0.7715,0.8006
"ctrl50","S3",150,0.7793,0.7925
"ctrl50mis","S3",150,0.7854,0.7964
"weak","S1",200,0.881,0.9288
"jeffreys","S1",200,0.8889,0.9318
"flat","S1",200,0.8888,0.9286
"ctrl20","S1",200,0.8825,0.9298
"ctrl50","S1",200,0.8836,0.9237
"ctrl50mis","S1",200,0.8911,0.9253
"weak","S3",200,0.809,0.8403
"jeffreys","S3",200,0.8129,0.8363
"flat","S3",200,0.7935,0.8313
"ctrl20","S3",200,0.821,0.8411
"ctrl50","S3",200,0.8392,0.8441
"ctrl50mis","S3",200,0.8339,0.8361
"weak","S1",250,0.9098,0.9518
"jeffreys","S1",250,0.9189,0.9528
"flat","S1",250,0.9125,0.9508
"ctrl20","S1",250,0.9108,0.9473
"ctrl50","S1",250,0.912,0.9512
"ctrl50mis","S1",250,0.9114,0.9492
"weak","S3",250,0.8565,0.8657
"jeffreys","S3",250,0.8542,0.8676
"flat","S3",250,0.8476,0.8743
"ctrl20","S3",250,0.8634,0.8735
"ctrl50","S3",250,0.8751,0.8709
"ctrl50mis","S3",250,0.8731,0.8741
"weak","S1",300,0.9303,0.964
"jeffreys","S1",300,0.9306,0.9618
"flat","S1",300,0.9245,0.9633
"ctrl20","S1",300,0.9345,0.9661
"ctrl50","S1",300,0.9344,0.9657
"ctrl50mis","S1",300,0.9366,0.9667
"weak","S3",300,0.8828,0.893
"jeffreys","S3",300,0.8872,0.8932
"flat","S3",300,0.8896,0.8997
"ctrl20","S3",300,0.8944,0.8923
"ctrl50","S3",300,0.8994,0.8911
"ctrl50mis","S3",300,0.8981,0.8932
"weak","S1",400,0.9541,0.9797
"jeffreys","S1",400,0.9556,0.9839
"flat","S1",400,0.9543,0.9807
"ctrl20","S1",400,0.9595,0.9832
"ctrl50","S1",400,0.9577,0.9805
"ctrl50mis","S1",400,0.9592,0.9806
"weak","S3",400,0.934,0.9329
"jeffreys","S3",400,0.9276,0.9228
"flat","S3",400,0.9292,0.9236
"ctrl20","S3",400,0.9371,0.9281
"ctrl50","S3",400,0.9388,0.9249
"ctrl50mis","S3",400,0.9333,0.9216
"weak","S1",600,0.982,0.9967
"jeffreys","S1",600,0.9817,0.9952
"flat","S1",600,0.9821,0.9948
"ctrl20","S1",600,0.9809,0.9938
"ctrl50","S1",600,0.9809,0.9944
"ctrl50mis","S1",600,0.9843,0.9942
"weak","S3",600,0.9735,0.9616
"jeffreys","S3",600,0.9733,0.964
"flat","S3",600,0.9755,0.9664
"ctrl20","S3",600,0.9735,0.9646
"ctrl50","S3",600,0.9768,0.9664
"ctrl50mis","S3",600,0.9779,0.9633
"weak","S1",800,0.9904,0.9982
"jeffreys","S1",800,0.9911,0.9985
"flat","S1",800,0.9914,0.9982
"ctrl20","S1",800,0.9919,0.9986
"ctrl50","S1",800,0.9908,0.9981
"ctrl50mis","S1",800,0.9919,0.9979
"weak","S3",800,0.9891,0.9801
"jeffreys","S3",800,0.9901,0.9798
"flat","S3",800,0.9883,0.9787
"ctrl20","S3",800,0.9906,0.979
"ctrl50","S3",800,0.9905,0.9804
"ctrl50mis","S3",800,0.9913,0.9801
