"prior","cfg","n1_M","n1_C","se_n1_M","se_n1_C","ratio","proceed.M","pcs.M","power.M","EN.M","se_pcs.M","se_power.M","proceed.C","pcs.C","power.C","EN.C","se_pcs.C","se_power.C","mass"
"weak","S1",110.388127853881,76.8181818181818,2.28310502283105,2.02020202020202,0.695891698787252,0.9519,0.7831,0.6543,875.95,0.00412133946672681,0.00475595952463854,0.9763,0.8405,0.7028,888.15,0.00366141707539581,0.00457025338466042,"1/1"
"jeffreys","S1",111.692506459948,72.6315789473685,2.58397932816538,1.97368421052632,0.650281574381298,0.9582,0.7922,0.6713,879.1,0.00405732867783718,0.0046974068378202,0.9743,0.84,0.7007,887.15,0.00366606055596467,0.00457951427555369,"8/8"
"flat","S1",108.838383838384,72.254004576659,2.52525252525253,1.37299771167048,0.663865100054686,0.9605,0.796,0.6703,880.25,0.00402968981436537,0.00470104148035305,0.9779,0.8426,0.7042,888.95,0.00364177484202415,0.00456401533739754,"16/16"
"ctrl20","S1",102.985074626866,75.4761904761905,3.73134328358208,2.38095238095238,0.732884748102139,0.9736,0.7995,0.6765,886.8,0.00400374512175788,0.00467811660820891,0.9871,0.8389,0.6983,893.55,0.00367623163035193,0.00458995762507673,"1/20"
"ctrl50","S1",96.5608465608466,72.3759791122716,2.64550264550264,1.56657963446475,0.749537537107908,0.9887,0.7982,0.6798,894.35,0.00401343693111029,0.00466553276700529,0.9954,0.8489,0.714,897.7,0.00358146324845028,0.00451889366991524,"1/50"
"ctrl50mis","S1",104.092261904762,72.1153846153846,2.97619047619048,1.53846153846154,0.692802551272887,0.9893,0.7959,0.6745,894.65,0.00403042417122565,0.00468561362043436,0.9962,0.8398,0.7083,898.1,0.00366791439376657,0.00454544948272445,"1/50"
"weak","S3",191.60447761194,155.811403508772,3.73134328358208,4.38596491228069,0.813192914125626,0.9696,0.6853,0.6869,884.8,0.00464396285514861,0.00463754665744723,0.9803,0.7355,0.7311,890.15,0.00441066604947597,0.00443387855043415,"1/1"
"jeffreys","S3",189.267886855241,147.775800711744,3.32778702163062,3.55871886120996,0.780775878925345,0.9676,0.6755,0.6903,883.8,0.00468187729441941,0.00462369884399925,0.9811,0.7329,0.7269,890.55,0.00442445013532755,0.00445551781502442,"8/8"
"flat","S3",206.007393715342,152.719033232628,3.69685767097966,6.04229607250755,0.741327922645599,0.9682,0.6728,0.684,884.1,0.00469190963254835,0.00464912895067452,0.9794,0.7358,0.7247,889.7,0.00440906293899282,0.0044666532213728,"16/16"
"ctrl20","S3",178.787878787879,149.557522123894,4.04040404040404,2.94985250737464,0.83650817459127,0.9838,0.6931,0.7003,891.9,0.00461207534630561,0.00458126521825576,0.9936,0.7387,0.7344,896.8,0.00439343043645851,0.004416521708313,"1/20"
"ctrl50","S3",167.278797996661,157.267441860465,3.33889816360601,3.87596899224806,0.940151673397391,0.9934,0.7165,0.7262,896.7,0.00450696960273752,0.00445907568897412,0.998,0.7371,0.7383,899,0.00440208575563902,0.00439560132405112,"1/50"
"ctrl50mis","S3",165.051546391753,154.534005037783,4.12371134020619,5.03778337531487,0.936277232271392,0.9926,0.7129,0.7198,896.3,0.00452408653763387,0.00449096826976099,0.9979,0.7357,0.7261,898.95,0.00440959760068875,0.00445958282802327,"1/50"
