"cfg","rho","n1_M","n1_Cu","n1_Cc","se_M","se_Cu","se_Cc","ratio_u","ratio_c"
"S1",0,94,41,42,2,1,1,"0.44","0.45"
"S1",0.3,110,63,63,2.7,1.9,1.8,"0.57","0.57"
"S1",0.6,122,89,91,3.2,2,2,"0.73","0.75"
"S2",0,Inf,283,289,NA,8.9,11.5,"<0.35","<0.36"
"S2",0.3,Inf,439,401,NA,13.5,14.4,"<0.55","<0.50"
"S2",0.6,Inf,618,546,NA,24.4,18,"<0.77","<0.68"
"S3",0,188,344,83,3.1,7.1,2.4,"1.83","0.44"
"S3",0.3,189,521,84,3.3,12.2,2.7,"2.75","0.44"
"S3",0.6,173,717,79,3.9,17.6,2.4,"4.15","0.46"
"S4",0,261,Inf,Inf,7.5,NA,NA,">3.07",">3.07"
"S4",0.3,265,Inf,Inf,6,NA,NA,">3.02",">3.02"
"S4",0.6,269,Inf,Inf,8.9,NA,NA,">2.97",">2.97"
